,twitter,google
0,Lola Bunny,Supreme
1,Neanderthals,Barcelona
2,#PitMad,SpaceX
3,#WandaVisionFinale,Paramount Plus
4,Candyman,Meghan Markle
5,Space Jam,Sixers
6,Dame,Mike Pence
7,vmin,Tim Allen
8,Scary Hours,Damian Lillard
9,OUTRAGED,New Zealand earthquake
10,Ron Johnson,Suns
11,Tidal,Lori Loughlin
12,#WorldBookDay,Liverpool
13,#SnowfallFX,Jerome Powell
14,winwin,QAnon
15,Embiid,Bruins
16,New Drake,Kellen Winslow
17,Elaine Chao,Manchester United
18,Paige,Moxie
19,Sakurai,BUZZ
20,#thursdayvibes,Neera Tanden
21,Liverpool,Jackie Bradley Jr
22,#CongratulationsTaehyung,Jahmil
23,Haas,Chris Harrison
24,#CongratulationsJimin,Murder Among the Mormons
25,New Zealand,Aaron Boone
26,Alien X,Elaine Chao
27,Gustavo,Space Jam 2
28,baekhyun,Silk Road
29,Happy Birthday Michael,Mitch McConnell
30,ASTRO,FC Barcelona
31,Powell,Ben Roethlisberger
32,Curry,Myanmar
33,Pyra,Tsunami
34,francis,Arnold Palmer Invitational
35,Marsha,Barcelona vs Sevilla
36,#LIVCHE,Shaq
37,#ThursdayThoughts,Amazon logo
38,Blazers,California crash
39,Les Miles,Alamo Drafthouse
40,PROUD OF NIALL,Ronny Jackson
41,Lil Nas X,Copa del Rey
42,Mason Mount,Paul Bettany
43,#stockmarketcrash,Prince Philip Queen Elizabeth
44,George Floyd,Katherine Heigl
45,Donovan Mitchell,Coming to America 2
46,Wiggins,Flyers
47,Brewers,Syracuse basketball
48,Good Thursday,Disneyland
49,QAnon Shaman,T.J. McConnell
50,Drake,Coming to America 2
51,Bruno Mars,New Zealand earthquake
52,Lemon Pepper Freestyle,Wayne Gretzky
53,#WandaVisionFinale,Liverpool
54,Sinema,Paramount Plus
55,#EmployeeAppreciationDay,Elon Musk
56,Wants and Needs,Employee Appreciation Day
57,Tory,Blake Griffin
58,Drizzy,Skip Bayless
59,Leave The Door Open,Megan Anderson
60,Evan Peters,Supreme
61,#ComingToAmerica2,Charlotte Bennett
62,John McCain,Jerome Powell
63,Scott Baio,Falcon and Winter Soldier
64,Pose,Drake
65,Manchin,Bruno Mars
66,Lil Baby,Lil Nas X
67,Blake,Boogie
68,Scarlet Witch,Disneyland
69,#ScaryHours2,Chris Harrison
70,#fridaymorning,Kyrsten Sinema
71,Jimmy Pesto,Lori Loughlin
72,Monica,QAnon
73,Fire DeJoy,Space Jam 2
74,Mark Kelly,Ben Roethlisberger
75,Ralph Bohner,NBA All-Star 2021
76,What's Next,Tsunami
77,Paak,WandaVision' Episode 9
78,Tom Wilson,Jay Johnston
79,Silk Sonic,Katherine Heigl
80,#SilkSonic,Sacha Baron Cohen
81,Darkhold,WandaVision Episode 9
82,#BandcampFriday,Jackie Bradley Jr
83,Coming to America 2,Space jam 2
84,Multiverse of Madness,Alex Smith
85,#dionnewarwick,Arnold Palmer Invitational
86,jungkook,WandaVision episode 9
87,#DragRace,Mitch McConnell
88,Carlo,WandaVision
89,#SmackDown,FC Barcelona
90,Marie Antoinette,CBS All Access
91,Joy Reid,Hr1
92,Jay Johnston,Chaos Walking
93,Chachi,Boss Level
94,#FFXIVSpeakerSweepstakes,Nicolas Cage
95,Mike Conley,Mark Pavelich
96,#WandaVision,Brent Seabrook
97,#FridayFeeling,Damian Lillard
98,Symone,Lance Waldroup
99,Vince Young,John Amos
100,#superstraight,Elon Musk
101,Pepe Le Pew,Kyrsten Sinema
102,Green Eggs and Ham,Raya and the Last Dragon
103,Idaho,Chaos Walking
104,#UFC259,Blake Griffin
105,Kevin Hart,Wayne Gretzky
106,Monie,Michael Stanley
107,#Caturday,Bruno Mars
108,Tom Wilson,Boogie
109,Alfie,Chrissy Teigen
110,#WorstPlaceForSex,Champs
111,Coming to America 2,Nicolas Cage
112,PROUD OF LOUIS,Bayern Munich
113,Duke,Falcon and Winter Soldier
114,Mike Conley,Jordan Spieth
115,#CovidReliefBill,Arsenal
116,#HappyBirthdayTylerTheCreator,Megan Anderson
117,SNKRS,Mark Pavelich
118,Pam Grier,Mike Conley
119,#SHINExTOGETHER,Amanda Gorman
120,Symone,Osasuna vs Barcelona
121,TXT TIME TO SHINE,Wesley Snipes
122,Egod,Devin Booker
123,Bayern,Skip Bayless
124,Dortmund,Riko Shibata
125,Michael Stanley,Alex Smith
126,#SaturdayMorning,Boss Level
127,Eddie Murphy,Tom Wilson
128,Wesley Snipes,Villanova basketball
129,#MostRequestedLive,UFC 259
130,Speedy Gonzales,Villanova Basketball
131,#AmericanRescuePlan,Purdue basketball
132,Apple Maps,Jackson State football
133,Reaves,Dominick Cruz
134,Alaska,Tyler
135,Haaland,Blue Bloods
136,Xhaka,Brent Seabrook
137,Senate,Charlotte Bennett
138,Spieth,Bayern vs Dortmund
139,Jooheon,Child tax credit 2021
140,#밝게_빛날_우리들의_두번째_축제,Sinema
141,Leslie Jones,Drake basketball
142,Quavo,Sacha Baron Cohen
143,Grambling,Thiago Santos
144,Sinema,All-Star Game
145,#corpsetakesnyc,Islam Makhachev
146,Arsenal,Lil Nas X
147,Chainz,Lyric Chanel
148,Eternal Atake,Nomzamo Mbatha
149,Stacey Abrams,Lemon Pepper Freestyle
